 id,nombre,categoria,marca,precio,stock,specs
LAP-001,Lenovo IdeaPad 3,Laptops,Lenovo,4500,8,"Ryzen 5, 8 GB RAM, 256 GB SSD, pantalla 15.6"""
LAP-002,HP 15-fd0,Laptops,HP,3900,5,"Core i3, 8 GB RAM, 256 GB SSD, pantalla 15.6"""
LAP-003,Dell Inspiron 15 3520,Laptops,Dell,5200,3,"Core i5, 16 GB RAM, 512 GB SSD, pantalla 15.6"""
LAP-004,ASUS Vivobook Go 14,Laptops,ASUS,3600,12,"Ryzen 3, 8 GB RAM, 256 GB SSD, pantalla 14"""
LAP-005,Acer Aspire 5,Laptops,Acer,4800,6,"Core i5, 8 GB RAM, 512 GB SSD, pantalla 15.6"""
LAP-006,Lenovo ThinkPad E14,Laptops,Lenovo,7800,2,"Core i7, 16 GB RAM, 512 GB SSD, pantalla 14"""
LAP-007,HP Pavilion 14,Laptops,HP,6200,4,"Core i5, 16 GB RAM, 512 GB SSD, pantalla 14"""
LAP-008,ASUS TUF Gaming F15,Laptops,ASUS,8900,3,"Core i5, 16 GB RAM, 512 GB SSD, RTX 3050, pantalla 15.6"""
LAP-009,MSI Modern 14,Laptops,MSI,5400,0,"Ryzen 5, 16 GB RAM, 512 GB SSD, pantalla 14"""
LAP-010,Dell Latitude 3420,Laptops,Dell,6900,2,"Core i5, 8 GB RAM, 256 GB SSD, pantalla 14"""
CEL-001,Samsung Galaxy A15,Celulares,Samsung,1600,15,"128 GB, 4 GB RAM, cámara 50 MP, batería 5000 mAh"
CEL-002,Xiaomi Redmi Note 13,Celulares,Xiaomi,1900,10,"128 GB, 6 GB RAM, cámara 108 MP, pantalla AMOLED"
CEL-003,Motorola Moto G54,Celulares,Motorola,1500,7,"256 GB, 8 GB RAM, 5G, batería 6000 mAh"
CEL-004,Samsung Galaxy A35,Celulares,Samsung,2900,5,"128 GB, 8 GB RAM, 5G, cámara 50 MP"
CEL-005,Xiaomi Poco X6,Celulares,Xiaomi,2700,0,"256 GB, 8 GB RAM, 5G, carga rápida 67 W"
CEL-006,Tecno Spark 20,Celulares,Tecno,900,20,"128 GB, 8 GB RAM, cámara 50 MP"
CEL-007,Honor X7b,Celulares,Honor,1700,6,"128 GB, 8 GB RAM, batería 6000 mAh"
CEL-008,Infinix Hot 40 Pro,Celulares,Infinix,1100,9,"256 GB, 8 GB RAM, pantalla 120 Hz"
CEL-009,Motorola Edge 40 Neo,Celulares,Motorola,3300,3,"256 GB, 12 GB RAM, 5G, pantalla pOLED 144 Hz"
CEL-010,ZTE Blade A54,Celulares,ZTE,700,11,"64 GB, 4 GB RAM, pantalla 6.6"""
MON-001,LG 24MP400,Monitores,LG,1100,8,"24"", Full HD, IPS, 75 Hz"
MON-002,Samsung Odyssey G3,Monitores,Samsung,2300,4,"27"", Full HD, 165 Hz, 1 ms"
MON-003,Dell P2422H,Monitores,Dell,1500,5,"24"", Full HD, IPS, ajuste de altura"
MON-004,AOC 22B1HS,Monitores,AOC,800,14,"22"", Full HD, HDMI"
MON-005,HP M27f,Monitores,HP,1700,0,"27"", Full HD, IPS, 75 Hz"
MON-006,Xiaomi A24i,Monitores,Xiaomi,1000,6,"24"", Full HD, IPS, 100 Hz"
AUD-001,JBL Tune 510BT,Audífonos,JBL,450,18,"Bluetooth, 40 horas de batería, plegables"
AUD-002,Sony WH-CH520,Audífonos,Sony,650,7,"Bluetooth, 50 horas de batería, micrófono"
AUD-003,Logitech H390,Audífonos,Logitech,550,9,"USB, micrófono con cancelación de ruido"
AUD-004,Xiaomi Redmi Buds 4 Lite,Audífonos,Xiaomi,200,25,"Bluetooth 5.3, 20 horas con estuche, resistentes al agua"
AUD-005,Redragon Zeus H510,Audífonos,Redragon,600,5,"Gamer, sonido 7.1, USB, micrófono desmontable"
AUD-006,Anker Soundcore Q30,Audífonos,Anker,1100,3,"Bluetooth, cancelación activa de ruido, 40 horas de batería"
ACC-001,Mouse Logitech M170,Accesorios,Logitech,80,40,"Inalámbrico, receptor USB"
ACC-002,Teclado Redragon Kumara K552,Accesorios,Redragon,350,10,"Mecánico, retroiluminado, formato 60%"
ACC-003,Mouse Logitech G203,Accesorios,Logitech,220,13,"Gamer, RGB, 8000 DPI"
ACC-004,Hub USB-C Ugreen 7 en 1,Accesorios,Ugreen,280,9,"HDMI 4K, 3 USB-A, lector SD y microSD, carga PD"
ACC-005,Mochila Targus 15.6,Accesorios,Targus,300,0,"Para laptop hasta 15.6"", impermeable"
ACC-006,Cargador Anker 65W,Accesorios,Anker,260,12,"USB-C, carga rápida GaN, 2 puertos"
ACC-007,Disco externo WD Elements 1TB,Accesorios,Western Digital,520,8,"1 TB, USB 3.0, portátil"
ACC-008,Memoria USB Kingston 64GB,Accesorios,Kingston,60,50,"64 GB, USB 3.2"
IMP-001,Epson L3250,Impresoras,Epson,1900,4,"Multifunción, tanque de tinta, WiFi"
IMP-002,HP DeskJet 2775,Impresoras,HP,700,6,"Multifunción, WiFi, cartuchos"
IMP-003,Canon Pixma G3110,Impresoras,Canon,1600,0,"Multifunción, tanque de tinta, WiFi"
IMP-004,Brother HL-L2350DW,Impresoras,Brother,1800,3,"Láser monocromática, WiFi, doble cara"
